Time,Acceleration
0,0
0.01,-0.0012
0.02,-0.0007
0.03,-0.0003
0.04,-0.0004
0.05,-0.0005
0.06,0
0.07,0.0006
0.08,0.0032
0.09,0.0057
0.1,0.0059
0.11,0.0061
0.12,0.0053
0.13,0.0045
0.14,0.0052
0.15,0.0058
0.16,0.0056
0.17,0.0054
0.18,0.0037
0.19,0.0021
0.2,0.0025
0.21,0.003
0.22,0.0038
0.23,0.0046
0.24,0.0043
0.25,0.004
0.26,0.0027
0.27,0.0014
0.28,-0.0012
0.29,-0.0037
0.3,-0.0056
0.31,-0.0075
0.32,-0.0082
0.33,-0.0089
0.34,-0.0084
0.35,-0.0079
0.36,-0.0053
0.37,-0.0026
0.38,0.0002
0.39,0.003
0.4,0.004
0.41,0.0051
0.42,0.0037
0.43,0.0023
0.44,0.0006
0.45,-0.0011
0.46,-0.001
0.47,-0.0009
0.48,-0.0011
0.49,-0.0012
0.5,0.0021
0.51,0.0055
0.52,0.0099
0.53,0.0144
0.54,0.0138
0.55,0.0132
0.56,0.0121
0.57,0.0109
0.58,0.0106
0.59,0.0102
0.6,0.0077
0.61,0.0052
0.62,-0.0006
0.63,-0.0065
0.64,-0.0108
0.65,-0.0152
0.66,-0.0172
0.67,-0.0192
0.68,-0.0203
0.69,-0.0215
0.7,-0.0187
0.71,-0.0159
0.72,-0.0117
0.73,-0.0074
0.74,-0.004
0.75,-0.0006
0.76,0.0028
0.77,0.0063
0.78,0.007
0.79,0.0078
0.8,0.0074
0.81,0.0071
0.82,0.0058
0.83,0.0045
0.84,0.0029
0.85,0.0013
0.86,-0.0009
0.87,-0.003
0.88,-0.0062
0.89,-0.0094
0.9,-0.008
0.91,-0.0065
0.92,0.0009
0.93,0.0084
0.94,0.0154
0.95,0.0223
0.96,0.0204
0.97,0.0185
0.98,0.0168
0.99,0.0151
1,0.013
1.01,0.011
1.02,0.0047
1.03,-0.0017
1.04,-0.0078
1.05,-0.014
1.06,-0.0172
1.07,-0.0204
1.08,-0.0221
1.09,-0.0239
1.1,-0.0276
1.11,-0.0313
1.12,-0.0308
1.13,-0.0304
1.14,-0.0256
1.15,-0.0209
1.16,-0.0114
1.17,-0.0019
1.18,0.0099
1.19,0.0216
1.2,0.0246
1.21,0.0277
1.22,0.0236
1.23,0.0195
1.24,0.0115
1.25,0.0036
1.26,0.0012
1.27,-0.0012
1.28,0.0027
1.29,0.0067
1.3,0.0121
1.31,0.0175
1.32,0.0223
1.33,0.0271
1.34,0.0278
1.35,0.0285
1.36,0.0227
1.37,0.017
1.38,0.0074
1.39,-0.0021
1.4,-0.0028
1.41,-0.0034
1.42,0.0055
1.43,0.0144
1.44,0.0169
1.45,0.0195
1.46,0.014
1.47,0.0086
1.48,0.0005
1.49,-0.0075
1.5,-0.0231
1.51,-0.0388
1.52,-0.0484
1.53,-0.058
1.54,-0.0576
1.55,-0.0572
1.56,-0.0439
1.57,-0.0307
1.58,-0.0167
1.59,-0.0028
1.6,0.0123
1.61,0.0274
1.62,0.0411
1.63,0.0547
1.64,0.058
1.65,0.0612
1.66,0.0497
1.67,0.0382
1.68,0.0202
1.69,0.0021
1.7,-0.004
1.71,-0.0102
1.72,-0.0135
1.73,-0.0169
1.74,-0.0171
1.75,-0.0173
1.76,-0.01839
1.77,-0.01948
1.78,-0.01078
1.79,-0.00207
1.8,0.01574
1.81,0.03364
1.82,0.03585
1.83,0.03796
1.84,0.02677
1.85,0.01558
1.86,-0.00301
1.87,-0.0216
1.88,-0.03479
1.89,-0.04809
1.9,-0.04889
1.91,-0.04958
1.92,-0.04608
1.93,-0.04258
1.94,-0.03158
1.95,-0.02059
1.96,-0.0012
1.97,0.01829
1.98,0.03718
1.99,0.05616
2,0.06045
2.01,0.06473
2.02,0.05411
2.03,0.04349
2.04,0.03188
2.05,0.02035
2.06,0.00632
2.07,-0.00761
2.08,-0.02634
2.09,-0.04508
2.1,-0.04902
2.11,-0.05305
2.12,-0.04119
2.13,-0.02932
2.14,-0.01455
2.15,0.0001
2.16,0.01286
2.17,0.02571
2.18,0.03566
2.19,0.04561
2.2,0.04065
2.21,0.03579
2.22,0.01493
2.23,-0.00584
2.24,-0.0144
2.25,-0.02298
2.26,-0.01825
2.27,-0.01351
2.28,-0.00767
2.29,-0.00185
2.3,-0.00452
2.31,-0.00719
2.32,-0.01034
2.33,-0.0136
2.34,-0.01286
2.35,-0.01211
2.36,-0.00647
2.37,-0.00091
2.38,-0.00104
2.39,-0.00118
2.4,-0.01672
2.41,-0.03225
2.42,-0.02998
2.43,-0.0277
2.44,-0.01401
2.45,-0.00032
2.46,-0.00692
2.47,-0.01342
2.48,-0.03062
2.49,-0.0479
2.5,-0.04409
2.51,-0.04026
2.52,-0.02744
2.53,-0.01462
2.54,0.00429
2.55,0.0232
2.56,0.04565
2.57,0.06817
2.58,0.0755
2.59,0.08296
2.6,0.06432
2.61,0.04579
2.62,0.03385
2.63,0.02179
2.64,0.01954
2.65,0.01721
2.66,0.00228
2.67,-0.01263
2.68,-0.02354
2.69,-0.03454
2.7,-0.03864
2.71,-0.04274
2.72,-0.04513
2.73,-0.04761
2.74,-0.03997
2.75,-0.03236
2.76,-0.00303
2.77,0.02628
2.78,0.05049
2.79,0.07471
2.8,0.06592
2.81,0.05725
2.82,0.02927
2.83,0.00128
2.84,-0.02461
2.85,-0.05053
2.86,-0.06673
2.87,-0.08294
2.88,-0.09274
2.89,-0.10265
2.9,-0.09307
2.91,-0.0834
2.92,-0.06184
2.93,-0.04018
2.94,-0.02202
2.95,-0.00379
2.96,0.01184
2.97,0.02757
2.98,0.04149
2.99,0.05541
3,0.06361
3.01,0.07182
3.02,0.06123
3.03,0.05051
3.04,0.03146
3.05,0.01251
3.06,-0.00162
3.07,-0.01575
3.08,-0.01369
3.09,-0.01163
3.1,0.00753
3.11,0.02658
3.12,0.03991
3.13,0.05324
3.14,0.05543
3.15,0.05755
3.16,0.05409
3.17,0.05055
3.18,0.04461
3.19,0.03866
3.2,0.02461
3.21,0.01052
3.22,-0.01499
3.23,-0.04041
3.24,-0.06134
3.25,-0.08212
3.26,-0.07988
3.27,-0.07752
3.28,-0.0577
3.29,-0.03777
3.3,-0.01966
3.31,-0.00145
3.32,0.02204
3.33,0.04552
3.34,0.0594
3.35,0.07318
3.36,0.06347
3.37,0.05366
3.38,0.04685
3.39,0.04014
3.4,0.04662
3.41,0.05301
3.42,0.05589
3.43,0.05867
3.44,0.05598
3.45,0.05319
3.46,0.04929
3.47,0.04541
3.48,0.03625
3.49,0.027
3.5,0.0098
3.51,-0.0074
3.52,-0.02367
3.53,-0.03981
3.54,-0.05795
3.55,-0.07617
3.56,-0.08679
3.57,-0.0974
3.58,-0.09697
3.59,-0.09658
3.6,-0.09359
3.61,-0.09047
3.62,-0.08276
3.63,-0.075
3.64,-0.06184
3.65,-0.04867
3.66,-0.03819
3.67,-0.02759
3.68,-0.02453
3.69,-0.02135
3.7,-0.01941
3.71,-0.01758
3.72,0.00307
3.73,0.02365
3.74,0.04745
3.75,0.07136
3.76,0.07279
3.77,0.07423
3.78,0.0578
3.79,0.04141
3.8,0.02025
3.81,-0.0009
3.82,-0.00766
3.83,-0.01427
3.84,-0.00859
3.85,-0.00289
3.86,0.00183
3.87,0.00655
3.88,0.0018
3.89,-0.00295
3.9,-0.01049
3.91,-0.01804
3.92,-0.01298
3.93,-0.00801
3.94,0.00996
3.95,0.02783
3.96,0.03609
3.97,0.04427
3.98,0.05463
3.99,0.06497
4,0.0736
4.01,0.08211
4.02,0.06391
4.03,0.04569
4.04,0.02827
4.05,0.01092
4.06,0.01121
4.07,0.01147
4.08,0.01601
4.09,0.02045
4.1,0.02616
4.11,0.03186
4.12,0.03633
4.13,0.04075
4.14,0.02824
4.15,0.01583
4.16,-0.01261
4.17,-0.04099
4.18,-0.06201
4.19,-0.08308
4.2,-0.09006
4.21,-0.09699
4.22,-0.09297
4.23,-0.0889
4.24,-0.07539
4.25,-0.06199
4.26,-0.04099
4.27,-0.02005
4.28,-0.0033
4.29,0.01349
4.3,0.01543
4.31,0.01731
4.32,0.01923
4.33,0.02113
4.34,0.02671
4.35,0.03234
4.36,0.02933
4.37,0.02618
4.38,0.01996
4.39,0.01368
4.4,0.01187
4.41,0.00994
4.42,0.00589
4.43,0.00183
4.44,-0.00879
4.45,-0.01952
4.46,-0.03034
4.47,-0.04106
4.48,-0.04796
4.49,-0.05477
4.5,-0.05904
4.51,-0.06317
4.52,-0.06715
4.53,-0.07098
4.54,-0.05924
4.55,-0.04733
4.56,-0.0154
4.57,0.01663
4.58,0.04562
4.59,0.07471
4.6,0.0828
4.61,0.09108
4.62,0.09166
4.63,0.09224
4.64,0.09214
4.65,0.09213
4.66,0.07367
4.67,0.05525
4.68,0.02388
4.69,-0.00728
4.7,-0.02715
4.71,-0.04704
4.72,-0.05086
4.73,-0.05472
4.74,-0.05571
4.75,-0.05667
4.76,-0.04769
4.77,-0.03878
4.78,-0.02826
4.79,-0.01761
4.8,-0.01573
4.81,-0.01394
4.82,-0.01686
4.83,-0.01991
4.84,-0.02092
4.85,-0.02219
4.86,-0.00974
4.87,0.00263
4.88,0.01602
4.89,0.02955
4.9,0.03168
4.91,0.03367
4.92,0.03145
4.93,0.02904
4.94,0.02612
4.95,0.02296
4.96,0.01928
4.97,0.0155
4.98,0.01024
4.99,0.005
5,0.0045
5.01,0.00393
5.02,0.00231
5.03,0.00056
5.04,-0.016
5.05,-0.03279
5.06,-0.04101
5.07,-0.04922
5.08,-0.04365
5.09,-0.03816
5.1,-0.03406
5.11,-0.02994
5.12,-0.0309
5.13,-0.03183
5.14,-0.03014
5.15,-0.02859
5.16,-0.01541
5.17,-0.00218
5.18,0.01187
5.19,0.02606
5.2,0.03497
5.21,0.04402
5.22,0.05759
5.23,0.07118
5.24,0.09408
5.25,0.11701
5.26,0.12747
5.27,0.13804
5.28,0.11671
5.29,0.09531
5.3,0.05999
5.31,0.02456
5.32,-0.0053
5.33,-0.03518
5.34,-0.0591
5.35,-0.08317
5.36,-0.1016
5.37,-0.12021
5.38,-0.1275
5.39,-0.13488
5.4,-0.13404
5.41,-0.13338
5.42,-0.12332
5.43,-0.11326
5.44,-0.10197
5.45,-0.09079
5.46,-0.08628
5.47,-0.08196
5.48,-0.07886
5.49,-0.07593
5.5,-0.07707
5.51,-0.07824
5.52,-0.09234
5.53,-0.10634
5.54,-0.11972
5.55,-0.13296
5.56,-0.13424
5.57,-0.13543
5.58,-0.11871
5.59,-0.10186
5.6,-0.07914
5.61,-0.05616
5.62,-0.03128
5.63,-0.00625
5.64,0.02052
5.65,0.04747
5.66,0.0591
5.67,0.07097
5.68,0.06646
5.69,0.06215
5.7,0.04554
5.71,0.02923
5.72,0.02122
5.73,0.01351
5.74,0.01198
5.75,0.01113
5.76,0.01109
5.77,0.01126
5.78,0.00715
5.79,0.00428
5.8,0.00042
5.81,-0.00261
5.82,0.00129
5.83,0.0053
5.84,0.01439
5.85,0.02365
5.86,0.03519
5.87,0.0467
5.88,0.04996
5.89,0.05311
5.9,0.04075
5.91,0.02814
5.92,0.00286
5.93,-0.02261
5.94,-0.0466
5.95,-0.07084
5.96,-0.09172
5.97,-0.11278
5.98,-0.11932
5.99,-0.12575
6,-0.1233
6.01,-0.12131
6.02,-0.11387
6.03,-0.1068
6.04,-0.08822
6.05,-0.06976
6.06,-0.04364
6.07,-0.01794
6.08,0.01975
6.09,0.05706
6.1,0.08743
6.11,0.11757
6.12,0.11073
6.13,0.10364
6.14,0.07329
6.15,0.0424
6.16,0.02643
6.17,0.01063
6.18,0.00667
6.19,0.00287
6.2,0.00198
6.21,0.00115
6.22,0.00224
6.23,0.00357
6.24,0.00564
6.25,0.00784
6.26,0.01085
6.27,0.01396
6.28,0.01294
6.29,0.0119
6.3,0.01305
6.31,0.01385
6.32,0.01471
6.33,0.01517
6.34,0.01463
6.35,0.01372
6.36,0.00561
6.37,-0.0028
6.38,-0.03137
6.39,-0.06056
6.4,-0.07978
6.41,-0.09957
6.42,-0.10066
6.43,-0.10167
6.44,-0.06673
6.45,-0.03124
6.46,0.02337
6.47,0.07835
6.48,0.13438
6.49,0.19114
6.5,0.24457
6.51,0.29826
6.52,0.32147
6.53,0.34527
6.54,0.35539
6.55,0.36652
6.56,0.33968
6.57,0.31351
6.58,0.24608
6.59,0.17916
6.6,0.11156
6.61,0.04446
6.62,-0.0051
6.63,-0.05464
6.64,-0.095
6.65,-0.13552
6.66,-0.16355
6.67,-0.19211
6.68,-0.22159
6.69,-0.25176
6.7,-0.26968
6.71,-0.28841
6.72,-0.28617
6.73,-0.28505
6.74,-0.2374
6.75,-0.19031
6.76,-0.13321
6.77,-0.0764
6.78,0.0287
6.79,0.1336
6.8,0.27515
6.81,0.41675
6.82,0.40462
6.83,0.3927
6.84,0.29755
6.85,0.20277
6.86,0.11697
6.87,0.03133
6.88,-0.0126
6.89,-0.05648
6.9,-0.06669
6.91,-0.07684
6.92,-0.06135
6.93,-0.04567
6.94,-0.00516
6.95,0.03567
6.96,0.07352
6.97,0.11181
6.98,0.12367
6.99,0.1363
7,0.13947
7.01,0.14349
7.02,0.12942
7.03,0.11596
7.04,0.0813
7.05,0.04706
7.06,0.01091
7.07,-0.02521
7.08,-0.03172
7.09,-0.0388
7.1,-0.0204
7.11,-0.00276
7.12,0.01541
7.13,0.03296
7.14,0.05452
7.15,0.07572
7.16,0.1069
7.17,0.13777
7.18,0.1415
7.19,0.14475
7.2,0.10843
7.21,0.07136
7.22,0.03419
7.23,-0.00425
7.24,-0.04474
7.25,-0.08701
7.26,-0.10033
7.27,-0.11501
7.28,-0.10419
7.29,-0.09445
7.3,-0.06594
7.31,-0.03791
7.32,0.02825
7.33,0.09452
7.34,0.17155
7.35,0.24954
7.36,0.29505
7.37,0.34234
7.38,0.35032
7.39,0.36064
7.4,0.2926
7.41,0.22691
7.42,0.16624
7.43,0.1077
7.44,0.08953
7.45,0.07284
7.46,0.05334
7.47,0.03483
7.48,0.01693
7.49,-0.00028
7.5,-0.01507
7.51,-0.02932
7.52,-0.03472
7.53,-0.03994
7.54,-0.03799
7.55,-0.0365
7.56,-0.03225
7.57,-0.02879
7.58,-0.02406
7.59,-0.02025
7.6,-0.02246
7.61,-0.02518
7.62,-0.03337
7.63,-0.04143
7.64,-0.05699
7.65,-0.07315
7.66,-0.09298
7.67,-0.11443
7.68,-0.1344
7.69,-0.15583
7.7,-0.1811
7.71,-0.20769
7.72,-0.21745
7.73,-0.22923
7.74,-0.23808
7.75,-0.24902
7.76,-0.23306
7.77,-0.21946
7.78,-0.19508
7.79,-0.17109
7.8,-0.14489
7.81,-0.11716
7.82,-0.07646
7.83,-0.03394
7.84,0.0549
7.85,0.14767
7.86,0.15128
7.87,0.16017
7.88,0.08667
7.89,0.0151
7.9,-0.02657
7.91,-0.0687
7.92,-0.10613
7.93,-0.14461
7.94,-0.17488
7.95,-0.2084
7.96,-0.23029
7.97,-0.25607
7.98,-0.26427
7.99,-0.27593
8,-0.27547
8.01,-0.27965
8.02,-0.27918
8.03,-0.28105
8.04,-0.26329
8.05,-0.24752
8.06,-0.23042
8.07,-0.21634
8.08,-0.076
8.09,0.06752
8.1,0.17741
8.11,0.29472
8.12,0.28611
8.13,0.28226
8.14,0.29165
8.15,0.30497
8.16,0.25575
8.17,0.21076
8.18,0.17463
8.19,0.1412
8.2,0.11985
8.21,0.10063
8.22,0.08173
8.23,0.06362
8.24,0.02656
8.25,-0.01182
8.26,-0.03593
8.27,-0.06161
8.28,-0.08216
8.29,-0.10482
8.3,-0.12097
8.31,-0.14033
8.32,-0.1496
8.33,-0.16081
8.34,-0.15707
8.35,-0.15473
8.36,-0.13209
8.37,-0.11125
8.38,-0.08586
8.39,-0.06193
8.4,-0.03229
8.41,-0.00281
8.42,0.02312
8.43,0.04939
8.44,0.06631
8.45,0.0836
8.46,0.09506
8.47,0.10758
8.48,0.11829
8.49,0.13054
8.5,0.12988
8.51,0.13071
8.52,0.12474
8.53,0.12022
8.54,0.10987
8.55,0.10072
8.56,0.09018
8.57,0.08071
8.58,0.06135
8.59,0.0424
8.6,0.02102
8.61,-0.00064
8.62,-0.01577
8.63,-0.03169
8.64,-0.04715
8.65,-0.06378
8.66,-0.06693
8.67,-0.07182
8.68,-0.07019
8.69,-0.07039
8.7,-0.06905
8.71,-0.06955
8.72,-0.06226
8.73,-0.05659
8.74,-0.0398
8.75,-0.02423
8.76,-0.0186
8.77,-0.01436
8.78,-0.02821
8.79,-0.04247
8.8,-0.05911
8.81,-0.07618
8.82,-0.07966
8.83,-0.08214
8.84,-0.07944
8.85,-0.07576
8.86,-0.08
8.87,-0.08335
8.88,-0.08014
8.89,-0.07568
8.9,-0.06874
8.91,-0.06046
8.92,-0.04559
8.93,-0.02915
8.94,-0.00414
8.95,0.022
8.96,0.04201
8.97,0.06324
8.98,0.07201
8.99,0.08176
9,0.09281
9.01,0.10467
9.02,0.11769
9.03,0.13132
9.04,0.13134
9.05,0.1318
9.06,0.10893
9.07,0.08628
9.08,0.06168
9.09,0.03718
9.1,0.02085
9.11,0.00486
9.12,-0.00399
9.13,-0.01301
9.14,-0.01931
9.15,-0.02585
9.16,-0.04128
9.17,-0.05692
9.18,-0.07243
9.19,-0.08827
9.2,-0.10205
9.21,-0.11601
9.22,-0.12575
9.23,-0.13614
9.24,-0.14032
9.25,-0.14522
9.26,-0.14718
9.27,-0.14986
9.28,-0.15215
9.29,-0.1553
9.3,-0.15583
9.31,-0.15705
9.32,-0.15694
9.33,-0.15752
9.34,-0.15579
9.35,-0.15466
9.36,-0.15177
9.37,-0.14962
9.38,-0.13736
9.39,-0.12571
9.4,-0.09536
9.41,-0.06564
9.42,-0.02728
9.43,0.01068
9.44,0.06892
9.45,0.12693
9.46,0.14097
9.47,0.15493
9.48,0.11593
9.49,0.07698
9.5,0.05468
9.51,0.03227
9.52,0.01895
9.53,0.00598
9.54,0.01801
9.55,0.03048
9.56,0.05574
9.57,0.08141
9.58,0.10612
9.59,0.13148
9.6,0.13546
9.61,0.13984
9.62,0.10985
9.63,0.08029
9.64,0.05134
9.65,0.02275
9.66,0.00307
9.67,-0.01634
9.68,-0.01456
9.69,-0.01249
9.7,0.01299
9.71,0.03858
9.72,0.06356
9.73,0.08855
9.74,0.10082
9.75,0.11308
9.76,0.11521
9.77,0.11741
9.78,0.11649
9.79,0.11573
9.8,0.10565
9.81,0.09544
9.82,0.08133
9.83,0.06724
9.84,0.06366
9.85,0.06022
9.86,0.06054
9.87,0.0608
9.88,0.06069
9.89,0.06067
9.9,0.06795
9.91,0.07521
9.92,0.08417
9.93,0.09324
9.94,0.09531
9.95,0.09708
9.96,0.0851
9.97,0.07318
9.98,0.05335
9.99,0.03367
10,0.01525
10.01,-0.00326
10.02,-0.02067
10.03,-0.03813
10.04,-0.04333
10.05,-0.04901
10.06,-0.05208
10.07,-0.05511
10.08,-0.05775
10.09,-0.06049
10.1,-0.06486
10.11,-0.06944
10.12,-0.0731
10.13,-0.07689
10.14,-0.07772
10.15,-0.07879
10.16,-0.07441
10.17,-0.07006
10.18,-0.05005
10.19,-0.03007
10.2,-0.00529
10.21,0.01936
10.22,0.04083
10.23,0.06248
10.24,0.07416
10.25,0.08575
10.26,0.08308
10.27,0.08024
10.28,0.06382
10.29,0.04739
10.3,0.02351
10.31,-0.00052
10.32,-0.02077
10.33,-0.04081
10.34,-0.04876
10.35,-0.05672
10.36,-0.05028
10.37,-0.04382
10.38,-0.02833
10.39,-0.01266
10.4,-0.00156
10.41,0.0097
10.42,0.01374
10.43,0.01796
10.44,0.02027
10.45,0.0227
10.46,0.02336
10.47,0.02439
10.48,0.0245
10.49,0.02488
10.5,0.02421
10.51,0.02372
10.52,0.02322
10.53,0.02291
10.54,0.02458
10.55,0.02658
10.56,0.03332
10.57,0.04026
10.58,0.05545
10.59,0.07082
10.6,0.08267
10.61,0.09467
10.62,0.09992
10.63,0.10544
10.64,0.09199
10.65,0.07863
10.66,0.05745
10.67,0.0361
10.68,0.01796
10.69,-0.0002
10.7,-0.01575
10.71,-0.03123
10.72,-0.03968
10.73,-0.04821
10.74,-0.05455
10.75,-0.06093
10.76,-0.06255
10.77,-0.06435
10.78,-0.05824
10.79,-0.05235
10.8,-0.02824
10.81,-0.0044
10.82,0.02103
10.83,0.04615
10.84,0.06875
10.85,0.09125
10.86,0.09565
10.87,0.09994
10.88,0.06944
10.89,0.03866
10.9,0.00412
10.91,-0.03057
10.92,-0.05569
10.93,-0.08092
10.94,-0.09996
10.95,-0.11907
10.96,-0.12884
10.97,-0.13866
10.98,-0.1441
10.99,-0.14951
11,-0.14841
11.01,-0.14732
11.02,-0.13365
11.03,-0.11984
11.04,-0.09547
11.05,-0.07115
11.06,-0.04385
11.07,-0.01652
11.08,0.00925
11.09,0.03509
11.1,0.05139
11.11,0.06776
11.12,0.06727
11.13,0.06673
11.14,0.05473
11.15,0.04256
11.16,0.0326
11.17,0.02257
11.18,0.01796
11.19,0.01334
11.2,0.00262
11.21,-0.0081
11.22,-0.02054
11.23,-0.033
11.24,-0.03964
11.25,-0.04648
11.26,-0.05033
11.27,-0.05432
11.28,-0.04984
11.29,-0.04529
11.3,-0.03407
11.31,-0.02279
11.32,-0.00413
11.33,0.01454
11.34,0.03485
11.35,0.05506
11.36,0.06057
11.37,0.06608
11.38,0.0552
11.39,0.04427
11.4,0.01945
11.41,-0.00524
11.42,-0.02655
11.43,-0.0478
11.44,-0.05737
11.45,-0.06686
11.46,-0.06945
11.47,-0.07196
11.48,-0.06877
11.49,-0.06538
11.5,-0.05833
11.51,-0.05097
11.52,-0.04368
11.53,-0.03617
11.54,-0.03258
11.55,-0.02898
11.56,-0.02844
11.57,-0.02785
11.58,-0.02916
11.59,-0.03027
11.6,-0.03059
11.61,-0.03073
11.62,-0.02921
11.63,-0.02764
11.64,-0.02082
11.65,-0.01408
11.66,-0.00171
11.67,0.01068
11.68,0.02556
11.69,0.04041
11.7,0.06034
11.71,0.08014
11.72,0.09978
11.73,0.11934
11.74,0.13015
11.75,0.14077
11.76,0.14461
11.77,0.14838
11.78,0.14836
11.79,0.14825
11.8,0.14654
11.81,0.14474
11.82,0.13894
11.83,0.13303
11.84,0.11934
11.85,0.10554
11.86,0.09239
11.87,0.07915
11.88,0.07298
11.89,0.06666
11.9,0.05997
11.91,0.05333
11.92,0.04056
11.93,0.02775
11.94,0.01722
11.95,0.00677
11.96,-0.00337
11.97,-0.0135
11.98,-0.02573
11.99,-0.03803
12,-0.0463
12.01,-0.05458
12.02,-0.06401
12.03,-0.07341
12.04,-0.08454
12.05,-0.09558
12.06,-0.10526
12.07,-0.11488
12.08,-0.12281
12.09,-0.13066
12.1,-0.13691
12.11,-0.14308
12.12,-0.14737
12.13,-0.15159
12.14,-0.15143
12.15,-0.15119
12.16,-0.14539
12.17,-0.13952
12.18,-0.12817
12.19,-0.11666
12.2,-0.1045
12.21,-0.09223
12.22,-0.08102
12.23,-0.06977
12.24,-0.06272
12.25,-0.05577
12.26,-0.04726
12.27,-0.03876
12.28,-0.02527
12.29,-0.01173
12.3,0.00148
12.31,0.01464
12.32,0.02365
12.33,0.03258
12.34,0.03924
12.35,0.0458
12.36,0.0551
12.37,0.06443
12.38,0.08027
12.39,0.09593
12.4,0.11398
12.41,0.13186
12.42,0.14962
12.43,0.1674
12.44,0.17789
12.45,0.18841
12.46,0.18763
12.47,0.18677
12.48,0.16662
12.49,0.1464
12.5,0.11011
12.51,0.07375
12.52,0.04301
12.53,0.01231
12.54,-0.01054
12.55,-0.0334
12.56,-0.04461
12.57,-0.05593
12.58,-0.06189
12.59,-0.06796
12.6,-0.06204
12.61,-0.05617
12.62,-0.03451
12.63,-0.01273
12.64,0.01205
12.65,0.03697
12.66,0.0534
12.67,0.06976
12.68,0.06914
12.69,0.06856
12.7,0.05211
12.71,0.03573
12.72,0.01178
12.73,-0.01204
12.74,-0.03172
12.75,-0.05126
12.76,-0.06365
12.77,-0.07601
12.78,-0.08044
12.79,-0.08483
12.8,-0.08759
12.81,-0.09023
12.82,-0.07954
12.83,-0.06884
12.84,-0.05002
12.85,-0.03108
12.86,-0.01148
12.87,0.00808
12.88,0.02404
12.89,0.03999
12.9,0.04544
12.91,0.05077
12.92,0.04488
12.93,0.03877
12.94,0.02794
12.95,0.01709
12.96,0.012
12.97,0.00708
12.98,0.00304
12.99,-0.00104
13,-0.00306
13.01,-0.00511
13.02,-0.0079
13.03,-0.01073
13.04,-0.01369
13.05,-0.01668
13.06,-0.02
13.07,-0.02323
13.08,-0.02509
13.09,-0.02708
13.1,-0.02489
13.11,-0.02272
13.12,-0.01966
13.13,-0.01671
13.14,-0.01536
13.15,-0.01391
13.16,-0.01345
13.17,-0.01289
13.18,-0.0128
13.19,-0.0126
13.2,-0.01478
13.21,-0.01693
13.22,-0.02184
13.23,-0.02682
13.24,-0.03246
13.25,-0.03815
13.26,-0.04089
13.27,-0.04364
13.28,-0.04227
13.29,-0.04075
13.3,-0.03186
13.31,-0.02291
13.32,-0.00848
13.33,0.00609
13.34,0.02364
13.35,0.04135
13.36,0.05742
13.37,0.07355
13.38,0.08024
13.39,0.08679
13.4,0.07978
13.41,0.07282
13.42,0.0514
13.43,0.03002
13.44,0.00818
13.45,-0.01354
13.46,-0.03132
13.47,-0.04908
13.48,-0.05772
13.49,-0.06624
13.5,-0.06818
13.51,-0.07011
13.52,-0.07093
13.53,-0.07175
13.54,-0.06987
13.55,-0.06791
13.56,-0.06615
13.57,-0.0644
13.58,-0.06498
13.59,-0.06558
13.6,-0.06839
13.61,-0.07122
13.62,-0.07328
13.63,-0.07547
13.64,-0.07418
13.65,-0.07302
13.66,-0.06701
13.67,-0.06101
13.68,-0.05125
13.69,-0.04151
13.7,-0.02999
13.71,-0.01841
13.72,-0.00766
13.73,0.00308
13.74,0.00968
13.75,0.01616
13.76,0.02213
13.77,0.02797
13.78,0.0357
13.79,0.04332
13.8,0.05083
13.81,0.05823
13.82,0.06432
13.83,0.0704
13.84,0.07709
13.85,0.08368
13.86,0.08827
13.87,0.09275
13.88,0.09495
13.89,0.09706
13.9,0.09158
13.91,0.08621
13.92,0.07106
13.93,0.05592
13.94,0.04801
13.95,0.0401
13.96,0.03811
13.97,0.03604
13.98,0.03678
13.99,0.03755
14,0.04304
14.01,0.04844
14.02,0.05386
14.03,0.0593
14.04,0.05895
14.05,0.05862
14.06,0.04739
14.07,0.03608
14.08,0.02088
14.09,0.00558
14.1,-0.00822
14.11,-0.02211
14.12,-0.0323
14.13,-0.04249
14.14,-0.04719
14.15,-0.05189
14.16,-0.0524
14.17,-0.05282
14.18,-0.04785
14.19,-0.04279
14.2,-0.03774
14.21,-0.03261
14.22,-0.0323
14.23,-0.0321
14.24,-0.03701
14.25,-0.04194
14.26,-0.05148
14.27,-0.06104
14.28,-0.06851
14.29,-0.07611
14.3,-0.07903
14.31,-0.08186
14.32,-0.082
14.33,-0.08217
14.34,-0.07115
14.35,-0.06003
14.36,-0.03833
14.37,-0.01674
14.38,0.00845
14.39,0.03361
14.4,0.05957
14.41,0.08543
14.42,0.11018
14.43,0.13493
14.44,0.14897
14.45,0.16303
14.46,0.16428
14.47,0.16564
14.48,0.15699
14.49,0.14845
14.5,0.13311
14.51,0.11779
14.52,0.10388
14.53,0.08997
14.54,0.07667
14.55,0.06329
14.56,0.05162
14.57,0.03986
14.58,0.02911
14.59,0.01837
14.6,0.00633
14.61,-0.00569
14.62,-0.01421
14.63,-0.02281
14.64,-0.02611
14.65,-0.02937
14.66,-0.02813
14.67,-0.02689
14.68,-0.02144
14.69,-0.01599
14.7,-0.00952
14.71,-0.00313
14.72,-0.00055
14.73,0.00205
14.74,0.00234
14.75,0.00266
14.76,-0.00208
14.77,-0.00682
14.78,-0.01666
14.79,-0.0264
14.8,-0.03144
14.81,-0.03657
14.82,-0.03942
14.83,-0.04227
14.84,-0.04313
14.85,-0.044
14.86,-0.04477
14.87,-0.04555
14.88,-0.04662
14.89,-0.0477
14.9,-0.04767
14.91,-0.04778
14.92,-0.04549
14.93,-0.0433
14.94,-0.03872
14.95,-0.03414
14.96,-0.03027
14.97,-0.02639
14.98,-0.02511
14.99,-0.02393
15,-0.02635
15.01,-0.02879
15.02,-0.03273
15.03,-0.03657
15.04,-0.03981
15.05,-0.04295
15.06,-0.04419
15.07,-0.0453
15.08,-0.0428
15.09,-0.0403
15.1,-0.0343
15.11,-0.0283
15.12,-0.02139
15.13,-0.01458
15.14,-0.01038
15.15,-0.00626
15.16,-0.00464
15.17,-0.00312
15.18,-0.0056
15.19,-0.00808
15.2,-0.01236
15.21,-0.01653
15.22,-0.02091
15.23,-0.02538
15.24,-0.02953
15.25,-0.03368
15.26,-0.03853
15.27,-0.04347
15.28,-0.04732
15.29,-0.05117
15.3,-0.05072
15.31,-0.05016
15.32,-0.04401
15.33,-0.03776
15.34,-0.02611
15.35,-0.01435
15.36,-0.0007
15.37,0.01295
15.38,0.02371
15.39,0.03455
15.4,0.0382
15.41,0.04184
15.42,0.04068
15.43,0.03952
15.44,0.03386
15.45,0.02809
15.46,0.02031
15.47,0.01252
15.48,0.00284
15.49,-0.00695
15.5,-0.01605
15.51,-0.02515
15.52,-0.03025
15.53,-0.03546
15.54,-0.03787
15.55,-0.04029
15.56,-0.04171
15.57,-0.04313
15.58,-0.04506
15.59,-0.047
15.6,-0.04813
15.61,-0.04927
15.62,-0.04932
15.63,-0.04937
15.64,-0.04292
15.65,-0.03647
15.66,-0.02592
15.67,-0.01528
15.68,-0.00864
15.69,-0.0019
15.7,0.00274
15.71,0.00748
15.72,0.01192
15.73,0.01626
15.74,0.02011
15.75,0.02385
15.76,0.02679
15.77,0.02974
15.78,0.03088
15.79,0.03193
15.8,0.02997
15.81,0.02802
15.82,0.02288
15.83,0.01774
15.84,0.01131
15.85,0.00477
15.86,0.00014
15.87,-0.00449
15.88,-0.00512
15.89,-0.00565
15.9,-0.00367
15.91,-0.00159
15.92,0.0009
15.93,0.00349
15.94,0.00568
15.95,0.00788
15.96,0.00918
15.97,0.01058
15.98,0.01018
15.99,0.00989
16,0.0086
16.01,0.00742
16.02,0.00693
16.03,0.00655
16.04,0.00907
16.05,0.0116
16.06,0.01612
16.07,0.02065
16.08,0.02518
16.09,0.02981
16.1,0.03175
16.11,0.03368
16.12,0.03152
16.13,0.02936
16.14,0.0243
16.15,0.01923
16.16,0.01296
16.17,0.00669
16.18,0.00352
16.19,0.00025
16.2,-0.00202
16.21,-0.00439
16.22,-0.00636
16.23,-0.00842
16.24,-0.0077
16.25,-0.00697
16.26,-0.00426
16.27,-0.00154
16.28,0.00187
16.29,0.00539
16.3,0.00821
16.31,0.01102
16.32,0.01323
16.33,0.01545
16.34,0.01946
16.35,0.02338
16.36,0.02899
16.37,0.03459
16.38,0.0375
16.39,0.04041
16.4,0.03901
16.41,0.03761
16.42,0.03352
16.43,0.02952
16.44,0.02332
16.45,0.01712
16.46,0.01002
16.47,0.00282
16.48,-0.00238
16.49,-0.00768
16.5,-0.00979
16.51,-0.01179
16.52,-0.0107
16.53,-0.0097
16.54,-0.00671
16.55,-0.00381
16.56,0.00408
16.57,0.01197
16.58,0.02106
16.59,0.03015
16.6,0.03604
16.61,0.04183
16.62,0.04432
16.63,0.04671
16.64,0.045
16.65,0.04339
16.66,0.04028
16.67,0.03727
16.68,0.03426
16.69,0.03135
16.7,0.02855
16.71,0.02564
16.72,0.02323
16.73,0.02093
16.74,0.01902
16.75,0.01721
16.76,0.01481
16.77,0.0124
16.78,0.0097
16.79,0.007
16.8,0.0059
16.81,0.0049
16.82,0.0052
16.83,0.0054
16.84,0.0062
16.85,0.0069
16.86,0.0069
16.87,0.0068
16.88,0.0079
16.89,0.009
16.9,0.0112
16.91,0.0134
16.92,0.0149
16.93,0.0164
16.94,0.0175
16.95,0.0187
16.96,0.0174
16.97,0.0161
16.98,0.013
16.99,0.01
17,0.0059
17.01,0.0017
17.02,-0.0038
17.03,-0.0094
17.04,-0.0145
17.05,-0.0197
17.06,-0.024
17.07,-0.0283
17.08,-0.0317
17.09,-0.0351
17.1,-0.0362
17.11,-0.0372
17.12,-0.0358
17.13,-0.0343
17.14,-0.0309
17.15,-0.0274
17.16,-0.0224
17.17,-0.0174
17.18,-0.0123
17.19,-0.0072
17.2,-0.0035
17.21,0.0002
17.22,0.0012
17.23,0.0022
17.24,0.0015
17.25,0.0009
17.26,0.0001
17.27,-0.0007
17.28,-0.0003
17.29,0.0001
17.3,0.0004
17.31,0.0007
17.32,-0.0012
17.33,-0.003
17.34,-0.0063
17.35,-0.0096
17.36,-0.0141
17.37,-0.0187
17.38,-0.0234
17.39,-0.028
17.4,-0.0322
17.41,-0.0364
17.42,-0.04
17.43,-0.0435
17.44,-0.0467
17.45,-0.0498
17.46,-0.0519
17.47,-0.0541
17.48,-0.0534
17.49,-0.0527
17.5,-0.0497
17.51,-0.0467
17.52,-0.0429
17.53,-0.0391
17.54,-0.0353
17.55,-0.0316
17.56,-0.0269
17.57,-0.0223
17.58,-0.0171
17.59,-0.0119
17.6,-0.0074
17.61,-0.0029
17.62,0.0003
17.63,0.0036
17.64,0.0056
17.65,0.0077
17.66,0.0089
17.67,0.0101
17.68,0.0106
17.69,0.0112
17.7,0.0119
17.71,0.0126
17.72,0.0148
17.73,0.017
17.74,0.0226
17.75,0.0283
17.76,0.0353
17.77,0.0424
17.78,0.0478
17.79,0.0533
17.8,0.056
17.81,0.0586
17.82,0.0569
17.83,0.0552
17.84,0.0501
17.85,0.045
17.86,0.0395
17.87,0.0341
17.88,0.0305
17.89,0.0269
17.9,0.0252
17.91,0.0236
17.92,0.0222
17.93,0.0209
17.94,0.0194
17.95,0.0178
17.96,0.0152
17.97,0.0125
17.98,0.008
17.99,0.0035
18,-0.0012
18.01,-0.0059
18.02,-0.0111
18.03,-0.0163
18.04,-0.0219
18.05,-0.0276
18.06,-0.0313
18.07,-0.0351
18.08,-0.0352
18.09,-0.0353
18.1,-0.0307
18.11,-0.0262
18.12,-0.0197
18.13,-0.0133
18.14,-0.0071
18.15,-0.0009
18.16,0.0033
18.17,0.0075
18.18,0.0066
18.19,0.0058
18.2,0.0015
18.21,-0.0028
18.22,-0.007
18.23,-0.0113
18.24,-0.0139
18.25,-0.0165
18.26,-0.0156
18.27,-0.0147
18.28,-0.0101
18.29,-0.0054
18.3,0.0014
18.31,0.0082
18.32,0.0131
18.33,0.018
18.34,0.0199
18.35,0.0218
18.36,0.0215
18.37,0.0211
18.38,0.0194
18.39,0.0176
18.4,0.0164
18.41,0.0151
18.42,0.0147
18.43,0.0143
18.44,0.0154
18.45,0.0165
18.46,0.0187
18.47,0.0208
18.48,0.0224
18.49,0.0241
18.5,0.0241
18.51,0.0242
18.52,0.0222
18.53,0.0202
18.54,0.0153
18.55,0.0105
18.56,0.0038
18.57,-0.0028
18.58,-0.0086
18.59,-0.0145
18.6,-0.0169
18.61,-0.0192
18.62,-0.0193
18.63,-0.0194
18.64,-0.019
18.65,-0.0187
18.66,-0.017
18.67,-0.0154
18.68,-0.0132
18.69,-0.011
18.7,-0.0083
18.71,-0.0056
18.72,-0.0028
18.73,0
18.74,0.0021
18.75,0.0041
18.76,0.0047
18.77,0.0053
18.78,0.0039
18.79,0.0025
18.8,0.0003
18.81,-0.002
18.82,-0.0045
18.83,-0.007
18.84,-0.0073
18.85,-0.0075
18.86,-0.0048
18.87,-0.0021
18.88,0.0019
18.89,0.006
18.9,0.0102
18.91,0.0145
18.92,0.0187
18.93,0.023
18.94,0.0255
18.95,0.0281
18.96,0.027
18.97,0.026
18.98,0.0215
18.99,0.0171
19,0.0105
19.01,0.004
19.02,-0.004
19.03,-0.012
19.04,-0.02
19.05,-0.028
19.06,-0.0333
19.07,-0.0386
19.08,-0.0403
19.09,-0.042
19.1,-0.0392
19.11,-0.0363
19.12,-0.0313
19.13,-0.0263
19.14,-0.0213
19.15,-0.0163
19.16,-0.0141
19.17,-0.012
19.18,-0.0143
19.19,-0.0166
19.2,-0.0202
19.21,-0.0238
19.22,-0.0257
19.23,-0.0276
19.24,-0.0276
19.25,-0.0276
19.26,-0.0266
19.27,-0.0256
19.28,-0.0253
19.29,-0.0251
19.3,-0.0253
19.31,-0.0256
19.32,-0.0242
19.33,-0.0228
19.34,-0.0178
19.35,-0.0128
19.36,-0.0047
19.37,0.0035
19.38,0.0124
19.39,0.0213
19.4,0.0277
19.41,0.0341
19.42,0.038
19.43,0.0418
19.44,0.0412
19.45,0.0406
19.46,0.036
19.47,0.0315
19.48,0.0259
19.49,0.0204
19.5,0.0161
19.51,0.0117
19.52,0.0095
19.53,0.0073
19.54,0.0093
19.55,0.0114
19.56,0.0151
19.57,0.0188
19.58,0.0208
19.59,0.0229
19.6,0.0233
19.61,0.0237
19.62,0.0216
19.63,0.0194
19.64,0.0164
19.65,0.0134
19.66,0.0096
19.67,0.0058
19.68,0.0021
19.69,-0.0016
19.7,-0.005
19.71,-0.0084
19.72,-0.0102
19.73,-0.0119
19.74,-0.0122
19.75,-0.0125
19.76,-0.0109
19.77,-0.0093
19.78,-0.0063
19.79,-0.0034
19.8,-0.0002
19.81,0.0029
19.82,0.0035
19.83,0.004
19.84,0.0002
19.85,-0.0037
19.86,-0.0112
19.87,-0.0186
19.88,-0.0283
19.89,-0.0379
19.9,-0.045
19.91,-0.0522
19.92,-0.0573
19.93,-0.0623
19.94,-0.065
19.95,-0.0677
19.96,-0.0677
19.97,-0.0677
19.98,-0.0631
19.99,-0.0584
20,-0.049
20.01,-0.0395
20.02,-0.032
20.03,-0.0246
20.04,-0.0207
20.05,-0.0168
20.06,-0.015
20.07,-0.0132
20.08,-0.0126
20.09,-0.012
20.1,-0.0125
20.11,-0.0129
20.12,-0.0123
20.13,-0.0117
20.14,-0.008
20.15,-0.0042
20.16,0.0007
20.17,0.0056
20.18,0.0101
20.19,0.0146
20.2,0.0176
20.21,0.0206
20.22,0.0209
20.23,0.0212
20.24,0.0198
20.25,0.0184
20.26,0.0155
20.27,0.0126
20.28,0.0103
20.29,0.0079
20.3,0.0082
20.31,0.0085
20.32,0.0125
20.33,0.0165
20.34,0.0228
20.35,0.0292
20.36,0.0343
20.37,0.0394
20.38,0.0441
20.39,0.0488
20.4,0.0525
20.41,0.0561
20.42,0.0599
20.43,0.0636
20.44,0.0666
20.45,0.0696
20.46,0.0705
20.47,0.0715
20.48,0.0697
20.49,0.0679
20.5,0.0637
20.51,0.0594
20.52,0.0524
20.53,0.0454
20.54,0.0371
20.55,0.0288
20.56,0.0212
20.57,0.0137
20.58,0.0065
20.59,-0.0006
20.6,-0.0058
20.61,-0.011
20.62,-0.0147
20.63,-0.0185
20.64,-0.0213
20.65,-0.0241
20.66,-0.0259
20.67,-0.0277
20.68,-0.0282
20.69,-0.0287
20.7,-0.0285
20.71,-0.0282
20.72,-0.0268
20.73,-0.0255
20.74,-0.0234
20.75,-0.0213
20.76,-0.0183
20.77,-0.0153
20.78,-0.0105
20.79,-0.0058
20.8,0.0008
20.81,0.0074
20.82,0.0132
20.83,0.0191
20.84,0.0228
20.85,0.0266
20.86,0.0273
20.87,0.028
20.88,0.0256
20.89,0.0232
20.9,0.0193
20.91,0.0155
20.92,0.0116
20.93,0.0077
20.94,0.0044
20.95,0.0011
20.96,-0.0018
20.97,-0.0047
20.98,-0.0076
20.99,-0.0105
21,-0.0134
21.01,-0.0163
21.02,-0.0176
21.03,-0.0188
21.04,-0.0175
21.05,-0.0162
21.06,-0.012
21.07,-0.0078
21.08,-0.0034
21.09,0.001
21.1,0.005
21.11,0.0089
21.12,0.0117
21.13,0.0144
21.14,0.015
21.15,0.0156
21.16,0.0147
21.17,0.0138
21.18,0.0118
21.19,0.0098
21.2,0.0072
21.21,0.0045
21.22,0.0033
21.23,0.0022
21.24,0.0016
21.25,0.0011
21.26,-0.0001
21.27,-0.0013
21.28,-0.0031
21.29,-0.0048
21.3,-0.0064
21.31,-0.008
21.32,-0.0093
21.33,-0.0106
21.34,-0.0102
21.35,-0.0099
21.36,-0.0092
21.37,-0.0086
21.38,-0.0085
21.39,-0.0084
21.4,-0.0091
21.41,-0.0098
21.42,-0.0125
21.43,-0.0152
21.44,-0.0181
21.45,-0.021
21.46,-0.0239
21.47,-0.0268
21.48,-0.0294
21.49,-0.032
21.5,-0.0344
21.51,-0.0368
21.52,-0.0388
21.53,-0.0407
21.54,-0.0425
21.55,-0.0442
21.56,-0.0456
21.57,-0.047
21.58,-0.0484
21.59,-0.0499
21.6,-0.049
21.61,-0.0481
21.62,-0.0444
21.63,-0.0407
21.64,-0.0356
21.65,-0.0306
21.66,-0.0256
21.67,-0.0207
21.68,-0.0166
21.69,-0.0125
21.7,-0.0088
21.71,-0.0052
21.72,-0.0032
21.73,-0.0013
21.74,-0.0009
21.75,-0.0005
21.76,-0.0019
21.77,-0.0032
21.78,-0.0045
21.79,-0.0058
21.8,-0.0058
21.81,-0.0059
21.82,-0.0055
21.83,-0.0052
21.84,-0.0032
21.85,-0.0013
21.86,0.0019
21.87,0.005
21.88,0.009
21.89,0.0129
21.9,0.0165
21.91,0.0202
21.92,0.0222
21.93,0.0242
21.94,0.0232
21.95,0.0222
21.96,0.0182
21.97,0.0141
21.98,0.0095
21.99,0.0048
22,0.0017
22.01,-0.0013
22.02,-0.0028
22.03,-0.0043
22.04,-0.0051
22.05,-0.0058
22.06,-0.0063
22.07,-0.0068
22.08,-0.0078
22.09,-0.0087
22.1,-0.0105
22.11,-0.0123
22.12,-0.0146
22.13,-0.0169
22.14,-0.018
22.15,-0.0191
22.16,-0.0186
22.17,-0.0182
22.18,-0.0154
22.19,-0.0127
22.2,-0.0073
22.21,-0.002
22.22,0.0056
22.23,0.0132
22.24,0.0201
22.25,0.027
22.26,0.0314
22.27,0.0358
22.28,0.0373
22.29,0.0388
22.3,0.0367
22.31,0.0347
22.32,0.0299
22.33,0.0251
22.34,0.0214
22.35,0.0176
22.36,0.018
22.37,0.0184
22.38,0.0229
22.39,0.0273
22.4,0.0328
22.41,0.0383
22.42,0.041
22.43,0.0437
22.44,0.0436
22.45,0.0434
22.46,0.041
22.47,0.0387
22.48,0.0368
22.49,0.0349
22.5,0.0331
22.51,0.0313
22.52,0.0289
22.53,0.0265
22.54,0.0239
22.55,0.0213
22.56,0.0181
22.57,0.0148
22.58,0.0115
22.59,0.0082
22.6,0.0047
22.61,0.0013
22.62,-0.0007
22.63,-0.0028
22.64,-0.0033
22.65,-0.0038
22.66,-0.004
22.67,-0.0043
22.68,-0.0052
22.69,-0.0061
22.7,-0.0082
22.71,-0.0103
22.72,-0.0123
22.73,-0.0143
22.74,-0.0158
22.75,-0.0174
22.76,-0.0174
22.77,-0.0173
22.78,-0.0148
22.79,-0.0123
22.8,-0.0089
22.81,-0.0056
22.82,-0.0026
22.83,0.0004
22.84,0.0017
22.85,0.003
22.86,0.0026
22.87,0.0023
22.88,0.0005
22.89,-0.0012
22.9,-0.0029
22.91,-0.0047
22.92,-0.0064
22.93,-0.0081
22.94,-0.0093
22.95,-0.0104
22.96,-0.0123
22.97,-0.0142
22.98,-0.0174
22.99,-0.0206
23,-0.0235
23.01,-0.0264
23.02,-0.0285
23.03,-0.0305
23.04,-0.0315
23.05,-0.0325
23.06,-0.0321
23.07,-0.0318
23.08,-0.0307
23.09,-0.0296
23.1,-0.0284
23.11,-0.0272
23.12,-0.0255
23.13,-0.0238
23.14,-0.0217
23.15,-0.0196
23.16,-0.0161
23.17,-0.0126
23.18,-0.0081
23.19,-0.0035
23.2,0.0017
23.21,0.0068
23.22,0.0129
23.23,0.0191
23.24,0.0249
23.25,0.0308
23.26,0.0345
23.27,0.0382
23.28,0.0405
23.29,0.0427
23.3,0.0421
23.31,0.0416
23.32,0.0394
23.33,0.0373
23.34,0.0341
23.35,0.031
23.36,0.0271
23.37,0.0232
23.38,0.0186
23.39,0.014
23.4,0.0097
23.41,0.0053
23.42,0.0025
23.43,-0.0004
23.44,-0.0005
23.45,-0.0006
23.46,0.0022
23.47,0.0049
23.48,0.0073
23.49,0.0097
23.5,0.0114
23.51,0.0132
23.52,0.0123
23.53,0.0115
23.54,0.0095
23.55,0.0074
23.56,0.0049
23.57,0.0024
23.58,-0.0011
23.59,-0.0046
23.6,-0.0075
23.61,-0.0104
23.62,-0.0134
23.63,-0.0164
23.64,-0.0192
23.65,-0.0221
23.66,-0.0256
23.67,-0.0292
23.68,-0.0321
23.69,-0.035
23.7,-0.0367
23.71,-0.0383
23.72,-0.0384
23.73,-0.0384
23.74,-0.0359
23.75,-0.0333
23.76,-0.0298
23.77,-0.0263
23.78,-0.0214
23.79,-0.0166
23.8,-0.0126
23.81,-0.0087
23.82,-0.0071
23.83,-0.0054
23.84,-0.0062
23.85,-0.007
23.86,-0.0082
23.87,-0.0094
23.88,-0.0101
23.89,-0.0107
23.9,-0.0096
23.91,-0.0085
23.92,-0.0051
23.93,-0.0018
23.94,0.0011
23.95,0.0041
23.96,0.0061
23.97,0.0081
23.98,0.0072
23.99,0.0064
24,0.0043
24.01,0.0021
24.02,0
24.03,-0.0022
24.04,-0.0017
24.05,-0.0013
24.06,0.0035
24.07,0.0083
24.08,0.0141
24.09,0.0198
24.1,0.0236
24.11,0.0275
24.12,0.0302
24.13,0.0328
24.14,0.0339
24.15,0.0349
24.16,0.0342
24.17,0.0335
24.18,0.0315
24.19,0.0295
24.2,0.0283
24.21,0.0271
24.22,0.0271
24.23,0.0271
24.24,0.0271
24.25,0.0272
24.26,0.0252
24.27,0.0233
24.28,0.0192
24.29,0.0151
24.3,0.0101
24.31,0.0051
24.32,0.0009
24.33,-0.0033
24.34,-0.0056
24.35,-0.0078
24.36,-0.0086
24.37,-0.0094
24.38,-0.0087
24.39,-0.0081
24.4,-0.008
24.41,-0.0079
24.42,-0.009
24.43,-0.0102
24.44,-0.0119
24.45,-0.0136
24.46,-0.0152
24.47,-0.0169
24.48,-0.018
24.49,-0.0191
24.5,-0.0182
24.51,-0.0172
24.52,-0.0151
24.53,-0.013
24.54,-0.0104
24.55,-0.0078
24.56,-0.0059
24.57,-0.004
24.58,-0.0038
24.59,-0.0036
24.6,-0.0044
24.61,-0.0051
24.62,-0.0052
24.63,-0.0053
24.64,-0.0052
24.65,-0.0052
24.66,-0.0057
24.67,-0.0062
24.68,-0.0063
24.69,-0.0065
24.7,-0.0074
24.71,-0.0084
24.72,-0.0097
24.73,-0.011
24.74,-0.0112
24.75,-0.0113
24.76,-0.011
24.77,-0.0108
24.78,-0.0097
24.79,-0.0087
24.8,-0.0066
24.81,-0.0046
24.82,-0.0024
24.83,-0.0001
24.84,0.0018
24.85,0.0037
24.86,0.0047
24.87,0.0058
24.88,0.0058
24.89,0.0058
24.9,0.0046
24.91,0.0035
24.92,0.0015
24.93,-0.0004
24.94,-0.0021
24.95,-0.0039
24.96,-0.0041
24.97,-0.0043
24.98,-0.0037
24.99,-0.003
25,-0.0009
25.01,0.0013
25.02,0.0044
25.03,0.0074
25.04,0.0092
25.05,0.0109
25.06,0.0128
25.07,0.0146
25.08,0.0155
25.09,0.0163
25.1,0.0163
25.11,0.0163
25.12,0.0157
25.13,0.015
25.14,0.0144
25.15,0.0138
25.16,0.013
25.17,0.0121
25.18,0.0107
25.19,0.0092
25.2,0.0084
25.21,0.0077
25.22,0.0065
25.23,0.0053
25.24,0.0043
25.25,0.0033
25.26,0.0031
25.27,0.0029
25.28,0.0028
25.29,0.0027
25.3,0.0028
25.31,0.003
25.32,0.0024
25.33,0.0018
25.34,0
25.35,-0.0018
25.36,-0.0044
25.37,-0.0071
25.38,-0.0093
25.39,-0.0114
25.4,-0.0123
25.41,-0.0132
25.42,-0.0132
25.43,-0.0133
25.44,-0.0127
25.45,-0.0122
25.46,-0.0114
25.47,-0.0107
25.48,-0.0097
25.49,-0.0086
25.5,-0.0078
25.51,-0.007
25.52,-0.0073
25.53,-0.0076
25.54,-0.0074
25.55,-0.0071
25.56,-0.0062
25.57,-0.0053
25.58,-0.0049
25.59,-0.0046
25.6,-0.0036
25.61,-0.0025
25.62,-0.0021
25.63,-0.0017
25.64,-0.003
25.65,-0.0043
25.66,-0.0069
25.67,-0.0095
25.68,-0.0123
25.69,-0.015
25.7,-0.0174
25.71,-0.0198
25.72,-0.0211
25.73,-0.0224
25.74,-0.0223
25.75,-0.0223
25.76,-0.0209
25.77,-0.0195
25.78,-0.0175
25.79,-0.0155
25.8,-0.0146
25.81,-0.0136
25.82,-0.0134
25.83,-0.0132
25.84,-0.0131
25.85,-0.013
25.86,-0.0117
25.87,-0.0104
25.88,-0.0082
25.89,-0.006
25.9,-0.0045
25.91,-0.003
25.92,-0.0025
25.93,-0.002
25.94,-0.0024
25.95,-0.0027
25.96,-0.0031
25.97,-0.0036
25.98,-0.0026
25.99,-0.0016
26,0.001
26.01,0.0035
26.02,0.0073
26.03,0.0111
26.04,0.0147
26.05,0.0183
26.06,0.0216
26.07,0.025
26.08,0.0265
26.09,0.0279
26.1,0.0263
26.11,0.0246
26.12,0.0216
26.13,0.0186
26.14,0.0157
26.15,0.0128
26.16,0.0106
26.17,0.0084
26.18,0.0071
26.19,0.0057
26.2,0.0047
26.21,0.0037
26.22,0.0019
26.23,0.0001
26.24,-0.002
26.25,-0.004
26.26,-0.0063
26.27,-0.0086
26.28,-0.0099
26.29,-0.0112
26.3,-0.0116
26.31,-0.012
26.32,-0.0108
26.33,-0.0095
26.34,-0.0064
26.35,-0.0033
26.36,-0.0008
26.37,0.0018
26.38,0.0037
26.39,0.0056
26.4,0.0065
26.41,0.0074
26.42,0.0081
26.43,0.0089
26.44,0.0096
26.45,0.0104
26.46,0.0103
26.47,0.0101
26.48,0.0094
26.49,0.0087
26.5,0.0069
26.51,0.0051
26.52,0.0038
26.53,0.0025
26.54,0.0018
26.55,0.0011
26.56,0.0005
26.57,-0.0001
26.58,0.0001
26.59,0.0002
26.6,0.0003
26.61,0.0004
26.62,-0.0007
26.63,-0.0017
26.64,-0.0037
26.65,-0.0056
26.66,-0.0074
26.67,-0.0093
26.68,-0.0107
26.69,-0.0122
26.7,-0.0125
26.71,-0.0129
26.72,-0.0123
26.73,-0.0117
26.74,-0.0108
26.75,-0.0099
26.76,-0.0091
26.77,-0.0082
26.78,-0.0064
26.79,-0.0045
26.8,-0.0018
26.81,0.0009
26.82,0.0032
26.83,0.0054
26.84,0.0079
26.85,0.0104
26.86,0.0121
26.87,0.0138
26.88,0.015
26.89,0.0163
26.9,0.0169
26.91,0.0175
26.92,0.0173
26.93,0.0172
26.94,0.0177
26.95,0.0182
26.96,0.0182
26.97,0.0182
26.98,0.0181
26.99,0.0181
27,0.0181
27.01,0.0181
27.02,0.018
27.03,0.0179
27.04,0.0178
27.05,0.0177
27.06,0.0169
27.07,0.0162
27.08,0.0147
27.09,0.0133
27.1,0.0124
27.11,0.0115
27.12,0.0107
27.13,0.01
27.14,0.0105
27.15,0.0111
27.16,0.0113
27.17,0.0115
27.18,0.0099
27.19,0.0083
27.2,0.0057
27.21,0.0032
27.22,0.0007
27.23,-0.0019
27.24,-0.0034
27.25,-0.0049
27.26,-0.0047
27.27,-0.0045
27.28,-0.0031
27.29,-0.0017
27.3,-0.0012
27.31,-0.0007
27.32,-0.0017
27.33,-0.0027
27.34,-0.0042
27.35,-0.0057
27.36,-0.0074
27.37,-0.0092
27.38,-0.0109
27.39,-0.0126
27.4,-0.0136
27.41,-0.0146
27.42,-0.0164
27.43,-0.0182
27.44,-0.0192
27.45,-0.0203
27.46,-0.0208
27.47,-0.0212
27.48,-0.0203
27.49,-0.0193
27.5,-0.0183
27.51,-0.0173
27.52,-0.0177
27.53,-0.0181
27.54,-0.0188
27.55,-0.0195
27.56,-0.02
27.57,-0.0204
27.58,-0.0203
27.59,-0.0201
27.6,-0.0191
27.61,-0.018
27.62,-0.016
27.63,-0.014
27.64,-0.0121
27.65,-0.0103
27.66,-0.0077
27.67,-0.0052
27.68,-0.0029
27.69,-0.0006
27.7,0.001
27.71,0.0026
27.72,0.0033
27.73,0.004
27.74,0.0051
27.75,0.0063
27.76,0.0068
27.77,0.0074
27.78,0.0084
27.79,0.0093
27.8,0.0098
27.81,0.0103
27.82,0.0104
27.83,0.0106
27.84,0.0117
27.85,0.0129
27.86,0.0141
27.87,0.0153
27.88,0.0169
27.89,0.0185
27.9,0.0199
27.91,0.0212
27.92,0.0214
27.93,0.0216
27.94,0.0205
27.95,0.0195
27.96,0.0168
27.97,0.0142
27.98,0.0109
27.99,0.0075
28,0.0053
28.01,0.0032
28.02,0.0005
28.03,-0.0021
28.04,-0.0033
28.05,-0.0045
28.06,-0.004
28.07,-0.0036
28.08,-0.0023
28.09,-0.0009
28.1,-0.0009
28.11,-0.0008
28.12,-0.0015
28.13,-0.0023
28.14,-0.0042
28.15,-0.0062
28.16,-0.0089
28.17,-0.0117
28.18,-0.0141
28.19,-0.0166
28.2,-0.0187
28.21,-0.0208
28.22,-0.0215
28.23,-0.0222
28.24,-0.0215
28.25,-0.0208
28.26,-0.0187
28.27,-0.0166
28.28,-0.015
28.29,-0.0134
28.3,-0.0123
28.31,-0.0112
28.32,-0.0108
28.33,-0.0104
28.34,-0.0096
28.35,-0.0089
28.36,-0.008
28.37,-0.0071
28.38,-0.0073
28.39,-0.0074
28.4,-0.0077
28.41,-0.008
28.42,-0.0073
28.43,-0.0065
28.44,-0.005
28.45,-0.0036
28.46,-0.0006
28.47,0.0024
28.48,0.0062
28.49,0.01
28.5,0.0139
28.51,0.0178
28.52,0.0206
28.53,0.0235
28.54,0.0247
28.55,0.026
28.56,0.0268
28.57,0.0275
28.58,0.0267
28.59,0.0258
28.6,0.0244
28.61,0.023
28.62,0.0206
28.63,0.0181
28.64,0.0142
28.65,0.0104
28.66,0.0069
28.67,0.0034
28.68,0.0003
28.69,-0.0027
28.7,-0.005
28.71,-0.0072
28.72,-0.0081
28.73,-0.0089
28.74,-0.0075
28.75,-0.0061
28.76,-0.0027
28.77,0.0007
28.78,0.0044
28.79,0.0082
28.8,0.0118
28.81,0.0154
28.82,0.0184
28.83,0.0213
28.84,0.0222
28.85,0.0232
28.86,0.0218
28.87,0.0205
28.88,0.0182
28.89,0.0158
28.9,0.0135
28.91,0.0111
28.92,0.0094
28.93,0.0077
28.94,0.0066
28.95,0.0056
28.96,0.0051
28.97,0.0045
28.98,0.0036
28.99,0.0027
29,0.0019
29.01,0.001
29.02,-0.0004
29.03,-0.0018
29.04,-0.004
29.05,-0.0062
29.06,-0.007
29.07,-0.0078
29.08,-0.0071
29.09,-0.0064
29.1,-0.0052
29.11,-0.004
29.12,-0.004
29.13,-0.004
29.14,-0.0038
29.15,-0.0037
29.16,-0.0041
29.17,-0.0046
29.18,-0.0059
29.19,-0.0072
29.2,-0.0084
29.21,-0.0096
29.22,-0.0116
29.23,-0.0137
29.24,-0.015
29.25,-0.0164
29.26,-0.0168
29.27,-0.0172
29.28,-0.0166
29.29,-0.0159
29.3,-0.015
29.31,-0.0141
29.32,-0.0138
29.33,-0.0135
29.34,-0.0133
29.35,-0.013
29.36,-0.0124
29.37,-0.0118
29.38,-0.0113
29.39,-0.0109
29.4,-0.0098
29.41,-0.0087
29.42,-0.0071
29.43,-0.0056
29.44,-0.005
29.45,-0.0044
29.46,-0.0043
29.47,-0.0043
29.48,-0.0043
29.49,-0.0043
29.5,-0.0038
29.51,-0.0033
29.52,-0.0035
29.53,-0.0038
29.54,-0.0032
29.55,-0.0026
29.56,-0.0018
29.57,-0.001
29.58,-0.0002
29.59,0.0005
29.6,0.0011
29.61,0.0018
29.62,0.0013
29.63,0.0009
29.64,0.0011
29.65,0.0013
29.66,0.0011
29.67,0.0008
29.68,0.0001
29.69,-0.0006
29.7,-0.0009
29.71,-0.0012
29.72,-0.0012
29.73,-0.0013
29.74,0.0009
29.75,0.0031
29.76,0.0053
29.77,0.0075
29.78,0.0089
29.79,0.0103
29.8,0.0109
29.81,0.0115
29.82,0.0106
29.83,0.0098
29.84,0.0074
29.85,0.005
29.86,0.0022
29.87,-0.0005
29.88,-0.0017
29.89,-0.003
29.9,-0.0036
29.91,-0.0043
29.92,-0.004
29.93,-0.0036
29.94,-0.0024
29.95,-0.0012
29.96,0
29.97,0.0012
29.98,0.0011
29.99,0.001
30,0.0011
30.01,0.0013
30.02,0.0003
30.03,-0.0006
30.04,-0.0018
30.05,-0.0029
30.06,-0.0034
30.07,-0.0038
30.08,-0.0047
30.09,-0.0056
30.1,-0.0066
30.11,-0.0076
30.12,-0.0083
30.13,-0.009
30.14,-0.0073
30.15,-0.0057
30.16,-0.0046
30.17,-0.0035
30.18,-0.0023
30.19,-0.0011
30.2,0.0003
30.21,0.0017
30.22,0.0019
30.23,0.002
30.24,0.0011
30.25,0.0002
30.26,-0.0019
30.27,-0.004
30.28,-0.0049
30.29,-0.0059
30.3,-0.0067
30.31,-0.0074
30.32,-0.0071
30.33,-0.0067
30.34,-0.0053
30.35,-0.0039
30.36,-0.0023
30.37,-0.0007
30.38,0.0008
30.39,0.0023
30.4,0.0032
30.41,0.004
30.42,0.0044
30.43,0.0048
30.44,0.004
30.45,0.0032
30.46,0.0023
30.47,0.0014
30.48,-0.0003
30.49,-0.0021
30.5,-0.0036
30.51,-0.0051
30.52,-0.0068
30.53,-0.0085
30.54,-0.0101
30.55,-0.0116
30.56,-0.0121
30.57,-0.0126
30.58,-0.0137
30.59,-0.0148
30.6,-0.0143
30.61,-0.0138
30.62,-0.0129
30.63,-0.0119
30.64,-0.0109
30.65,-0.0098
30.66,-0.0079
30.67,-0.006
30.68,-0.0043
30.69,-0.0026
30.7,-0.0008
30.71,0.0009
30.72,0.0025
30.73,0.0042
30.74,0.0063
30.75,0.0084
30.76,0.0104
30.77,0.0124
30.78,0.0132
30.79,0.014
30.8,0.0142
30.81,0.0145
30.82,0.0142
30.83,0.014
30.84,0.0132
30.85,0.0125
30.86,0.0128
30.87,0.0131
30.88,0.0136
30.89,0.0142
30.9,0.0153
30.91,0.0165
30.92,0.0165
30.93,0.0165
30.94,0.0158
30.95,0.015
30.96,0.0141
30.97,0.0133
30.98,0.0117
30.99,0.0101
31,0.0096
31.01,0.0092
31.02,0.0083
31.03,0.0075
31.04,0.0072
31.05,0.0069
31.06,0.0068
31.07,0.0067
31.08,0.0064
31.09,0.0061
31.1,0.0048
31.11,0.0034
31.12,0.002
31.13,0.0006
31.14,-0.0002
31.15,-0.0009
31.16,-0.0014
31.17,-0.0018
31.18,-0.0015
31.19,-0.0012
31.2,-0.0012
31.21,-0.0012
31.22,-0.0009
31.23,-0.0006
31.24,-0.0006
31.25,-0.0005
31.26,-0.0012
31.27,-0.0018
31.28,-0.0023
31.29,-0.0028
31.3,-0.0032
31.31,-0.0036
31.32,-0.0043
31.33,-0.0049
31.34,-0.0051
31.35,-0.0053
31.36,-0.0056
31.37,-0.0059
31.38,-0.0061
31.39,-0.0064
31.4,-0.0062
31.41,-0.006
31.42,-0.0052
31.43,-0.0044
31.44,-0.0027
31.45,-0.001
31.46,0.0001
31.47,0.0011
31.48,0.003
31.49,0.0048
31.5,0.006
31.51,0.0072
31.52,0.0069
31.53,0.0067
31.54,0.0058
31.55,0.0049
31.56,0.0033
31.57,0.0017
31.58,0.0011
31.59,0.0004
31.6,0.0007
31.61,0.001
31.62,0.0024
31.63,0.0037
31.64,0.0054
31.65,0.007
31.66,0.0079
31.67,0.0088
31.68,0.0085
31.69,0.0083
31.7,0.0079
31.71,0.0074
31.72,0.0074
31.73,0.0074
31.74,0.0084
31.75,0.0093
31.76,0.0088
31.77,0.0084
31.78,0.0077
31.79,0.0071
31.8,0.0061
31.81,0.0051
31.82,0.0034
31.83,0.0018
31.84,0.0013
31.85,0.0008
31.86,-0.0003
31.87,-0.0013
31.88,-0.0013
31.89,-0.0013
31.9,-0.0021
31.91,-0.0029
31.92,-0.0039
31.93,-0.0048
31.94,-0.0048
31.95,-0.0049
31.96,-0.0041
31.97,-0.0033
31.98,-0.0025
31.99,-0.0016
32,0
32.01,0.0016
32.02,0.0019
32.03,0.0022
32.04,0.0023
32.05,0.0024
32.06,0.0017
32.07,0.001
32.08,0.0002
32.09,-0.0005
32.1,-0.0009
32.11,-0.0012
32.12,-0.0019
32.13,-0.0026
32.14,-0.0023
32.15,-0.002
32.16,-0.0018
32.17,-0.0016
32.18,-0.0015
32.19,-0.0015
32.2,-0.0017
32.21,-0.0019
32.22,-0.0028
32.23,-0.0037
32.24,-0.0055
32.25,-0.0073
32.26,-0.0063
32.27,-0.0053
32.28,-0.0051
32.29,-0.0048
32.3,-0.0043
32.31,-0.0038
32.32,-0.0038
32.33,-0.0037
32.34,-0.0033
32.35,-0.0029
32.36,-0.0033
32.37,-0.0036
32.38,-0.0048
32.39,-0.0059
32.4,-0.0072
32.41,-0.0084
32.42,-0.0104
32.43,-0.0123
32.44,-0.0139
32.45,-0.0155
32.46,-0.017
32.47,-0.0185
32.48,-0.0187
32.49,-0.0188
32.5,-0.0183
32.51,-0.0177
32.52,-0.0166
32.53,-0.0156
32.54,-0.015
32.55,-0.0144
32.56,-0.0151
32.57,-0.0158
32.58,-0.0172
32.59,-0.0187
32.6,-0.0192
32.61,-0.0198
32.62,-0.0207
32.63,-0.0217
32.64,-0.0207
32.65,-0.0197
32.66,-0.0173
32.67,-0.0148
32.68,-0.0126
32.69,-0.0104
32.7,-0.008
32.71,-0.0055
32.72,-0.0036
32.73,-0.0016
32.74,0.0009
32.75,0.0035
32.76,0.0049
32.77,0.0063
32.78,0.0075
32.79,0.0087
32.8,0.0104
32.81,0.0121
32.82,0.0133
32.83,0.0145
32.84,0.0155
32.85,0.0165
32.86,0.0175
32.87,0.0186
32.88,0.0192
32.89,0.0198
32.9,0.0198
32.91,0.0199
32.92,0.0196
32.93,0.0194
32.94,0.0191
32.95,0.0188
32.96,0.0181
32.97,0.0174
32.98,0.0174
32.99,0.0173
33,0.0167
33.01,0.016
33.02,0.0148
33.03,0.0136
33.04,0.0123
33.05,0.011
33.06,0.0097
33.07,0.0084
33.08,0.0075
33.09,0.0065
33.1,0.0056
33.11,0.0047
33.12,0.0037
33.13,0.0028
33.14,0.0024
33.15,0.002
33.16,0.0014
33.17,0.0008
33.18,-0.0004
33.19,-0.0015
33.2,-0.0016
33.21,-0.0018
33.22,-0.0025
33.23,-0.0032
33.24,-0.0034
33.25,-0.0036
33.26,-0.0046
33.27,-0.0056
33.28,-0.006
33.29,-0.0064
33.3,-0.0064
33.31,-0.0064
33.32,-0.0058
33.33,-0.0052
33.34,-0.0042
33.35,-0.0032
33.36,-0.0023
33.37,-0.0014
33.38,-0.0012
33.39,-0.001
33.4,-0.0012
33.41,-0.0013
33.42,-0.0013
33.43,-0.0013
33.44,-0.0014
33.45,-0.0015
33.46,-0.0013
33.47,-0.0011
33.48,-0.0007
33.49,-0.0004
33.5,0.0005
33.51,0.0015
33.52,0.0021
33.53,0.0027
33.54,0.0029
33.55,0.003
33.56,0.0025
33.57,0.0021
33.58,0.0018
33.59,0.0015
33.6,0.0004
33.61,-0.0006
33.62,-0.0013
33.63,-0.0021
33.64,-0.0032
33.65,-0.0042
33.66,-0.0046
33.67,-0.005
33.68,-0.0046
33.69,-0.0043
33.7,-0.0035
33.71,-0.0027
33.72,-0.0015
33.73,-0.0003
33.74,0.0009
33.75,0.002
33.76,0.0025
33.77,0.0031
33.78,0.0024
33.79,0.0018
33.8,0.001
33.81,0.0002
33.82,-0.0007
33.83,-0.0016
33.84,-0.0023
33.85,-0.003
33.86,-0.0031
33.87,-0.0033
33.88,-0.0034
33.89,-0.0035
33.9,-0.0035
33.91,-0.0036
33.92,-0.0036
33.93,-0.0035
33.94,-0.0029
33.95,-0.0022
33.96,-0.0016
33.97,-0.0009
33.98,-0.001
33.99,-0.0011
34,-0.0009
34.01,-0.0007
34.02,-0.0008
34.03,-0.0009
34.04,-0.0005
34.05,-0.0002
34.06,0.0007
34.07,0.0016
34.08,0.002
34.09,0.0023
34.1,0.0029
34.11,0.0035
34.12,0.0027
34.13,0.0018
34.14,0.0019
34.15,0.0019
34.16,0.0031
34.17,0.0042
34.18,0.0042
34.19,0.0041
34.2,0.0057
34.21,0.0072
34.22,0.0081
34.23,0.009
34.24,0.0098
34.25,0.0105
34.26,0.0114
34.27,0.0124
34.28,0.0123
34.29,0.0122
34.3,0.0117
34.31,0.0113
34.32,0.0101
34.33,0.0089
34.34,0.0079
34.35,0.0068
34.36,0.0054
34.37,0.004
34.38,0.0031
34.39,0.0023
34.4,0.0016
34.41,0.0009
34.42,0.0001
34.43,-0.0006
34.44,-0.0012
34.45,-0.0019
34.46,-0.0025
34.47,-0.0031
34.48,-0.0029
34.49,-0.0026
34.5,-0.0022
34.51,-0.0017
34.52,-0.0009
34.53,0
34.54,-0.0002
34.55,-0.0003
34.56,-0.0005
34.57,-0.0007
34.58,-0.0021
34.59,-0.0036
34.6,-0.0053
34.61,-0.007
34.62,-0.0081
34.63,-0.0092
34.64,-0.0104
34.65,-0.0117
34.66,-0.0116
34.67,-0.0116
34.68,-0.0113
34.69,-0.0111
34.7,-0.0112
34.71,-0.0113
34.72,-0.0111
34.73,-0.011
34.74,-0.0109
34.75,-0.0109
34.76,-0.0102
34.77,-0.0096
34.78,-0.0093
34.79,-0.009
34.8,-0.0078
34.81,-0.0066
34.82,-0.0053
34.83,-0.0039
34.84,-0.0031
34.85,-0.0022
34.86,-0.0024
34.87,-0.0026
34.88,-0.0031
34.89,-0.0036
34.9,-0.0037
34.91,-0.0038
34.92,-0.0044
34.93,-0.005
34.94,-0.0045
34.95,-0.004
34.96,-0.0034
34.97,-0.0028
34.98,-0.0022
34.99,-0.0017
35,-0.0006
35.01,0.0005
35.02,0.0013
35.03,0.0021
35.04,0.0023
35.05,0.0024
35.06,0.0028
35.07,0.0033
35.08,0.0032
35.09,0.0031
35.1,0.003
35.11,0.003
35.12,0.0026
35.13,0.0021
35.14,0.0031
35.15,0.0041
35.16,0.0046
35.17,0.0051
35.18,0.0043
35.19,0.0035
35.2,0.0021
35.21,0.0007
35.22,-0.0005
35.23,-0.0017
35.24,-0.0025
35.25,-0.0033
35.26,-0.0039
35.27,-0.0045
35.28,-0.0041
35.29,-0.0037
35.3,-0.0037
35.31,-0.0038
35.32,-0.0037
35.33,-0.0036
35.34,-0.0027
35.35,-0.0017
35.36,-0.0015
35.37,-0.0013
35.38,-0.0024
35.39,-0.0034
35.4,-0.0032
35.41,-0.003
35.42,-0.0038
35.43,-0.0045
35.44,-0.0043
35.45,-0.0042
35.46,-0.003
35.47,-0.0017
35.48,0.0003
35.49,0.0024
35.5,0.0052
35.51,0.008
35.52,0.0099
35.53,0.0118
35.54,0.0135
35.55,0.0153
35.56,0.0153
35.57,0.0153
35.58,0.0143
35.59,0.0134
35.6,0.012
35.61,0.0106
35.62,0.0095
35.63,0.0084
35.64,0.0081
35.65,0.0079
35.66,0.0075
35.67,0.007
35.68,0.0069
35.69,0.0068
35.7,0.006
35.71,0.0052
35.72,0.0045
35.73,0.0038
35.74,0.0027
35.75,0.0016
35.76,-0.0005
35.77,-0.0025
35.78,-0.0039
35.79,-0.0053
35.8,-0.0061
35.81,-0.0068
35.82,-0.007
35.83,-0.0072
35.84,-0.0065
35.85,-0.0059
35.86,-0.005
35.87,-0.0041
35.88,-0.0037
35.89,-0.0034
35.9,-0.0034
35.91,-0.0034
35.92,-0.0034
35.93,-0.0034
35.94,-0.0036
35.95,-0.0037
35.96,-0.0036
35.97,-0.0035
35.98,-0.0026
35.99,-0.0016
36,-0.0012
36.01,-0.0008
36.02,-0.0012
36.03,-0.0015
36.04,-0.0017
36.05,-0.002
36.06,-0.0017
36.07,-0.0014
36.08,-0.0008
36.09,-0.0002
36.1,0.0006
36.11,0.0013
36.12,0.0023
36.13,0.0033
36.14,0.0048
36.15,0.0063
36.16,0.0067
36.17,0.0072
36.18,0.008
36.19,0.0088
36.2,0.0094
36.21,0.01
36.22,0.0107
36.23,0.0113
36.24,0.0121
36.25,0.0129
36.26,0.0131
36.27,0.0134
36.28,0.0129
36.29,0.0123
36.3,0.0108
36.31,0.0093
36.32,0.008
36.33,0.0067
36.34,0.0057
36.35,0.0047
36.36,0.0039
36.37,0.0032
36.38,0.0017
36.39,0.0003
36.4,0
36.41,-0.0003
36.42,-0.0008
36.43,-0.0013
36.44,-0.0018
36.45,-0.0024
36.46,-0.0023
36.47,-0.0023
36.48,-0.0027
36.49,-0.003
36.5,-0.0029
36.51,-0.0028
36.52,-0.0029
36.53,-0.0031
36.54,-0.0035
36.55,-0.004
36.56,-0.0047
36.57,-0.0054
36.58,-0.0065
36.59,-0.0076
36.6,-0.0079
36.61,-0.0082
36.62,-0.0073
36.63,-0.0063
36.64,-0.0049
36.65,-0.0035
36.66,-0.002
36.67,-0.0004
36.68,0.0005
36.69,0.0015
36.7,0.0015
36.71,0.0015
36.72,0.001
36.73,0.0006
36.74,-0.0001
36.75,-0.0008
36.76,-0.0011
36.77,-0.0013
36.78,-0.0014
36.79,-0.0015
36.8,-0.0008
36.81,-0.0001
36.82,0.0005
36.83,0.0012
36.84,0.0009
36.85,0.0005
36.86,0.0002
36.87,-0.0002
36.88,-0.0012
36.89,-0.0022
36.9,-0.0031
36.91,-0.004
36.92,-0.0049
36.93,-0.0058
36.94,-0.0066
36.95,-0.0073
36.96,-0.0077
36.97,-0.008
36.98,-0.0083
36.99,-0.0085
37,-0.0078
37.01,-0.0071
37.02,-0.0067
37.03,-0.0063
37.04,-0.0058
37.05,-0.0053
37.06,-0.0053
37.07,-0.0052
37.08,-0.0053
37.09,-0.0054
37.1,-0.0056
37.11,-0.0058
37.12,-0.0062
37.13,-0.0067
37.14,-0.0062
37.15,-0.0057
37.16,-0.0051
37.17,-0.0045
37.18,-0.0039
37.19,-0.0034
37.2,-0.0028
37.21,-0.0022
37.22,-0.0013
37.23,-0.0004
37.24,0
37.25,0.0004
37.26,0.0005
37.27,0.0007
37.28,0.0004
37.29,0
37.3,-0.0007
37.31,-0.0014
37.32,-0.0018
37.33,-0.0022
37.34,-0.0023
37.35,-0.0024
37.36,-0.0022
37.37,-0.0021
37.38,-0.002
37.39,-0.0019
37.4,-0.0014
37.41,-0.0009
37.42,0.0001
37.43,0.0011
37.44,0.0017
37.45,0.0023
37.46,0.003
37.47,0.0037
37.48,0.0035
37.49,0.0033
37.5,0.0028
37.51,0.0022
37.52,0.0016
37.53,0.0009
37.54,0.0007
37.55,0.0005
37.56,0.0006
37.57,0.0006
37.58,0.0005
37.59,0.0003
37.6,0.0003
37.61,0.0003
37.62,-0.0003
37.63,-0.001
37.64,-0.0008
37.65,-0.0007
37.66,-0.0003
37.67,0.0001
37.68,0.0009
37.69,0.0017
37.7,0.002
37.71,0.0022
37.72,0.0026
37.73,0.003
37.74,0.0033
37.75,0.0036
37.76,0.0037
37.77,0.0037
37.78,0.0038
37.79,0.004
37.8,0.0038
37.81,0.0035
37.82,0.003
37.83,0.0025
37.84,0.0016
37.85,0.0008
37.86,0.0002
37.87,-0.0004
37.88,-0.0008
37.89,-0.0012
37.9,-0.0013
37.91,-0.0014
37.92,-0.0011
37.93,-0.0007
37.94,0
37.95,0.0007
37.96,0.0017
37.97,0.0028
37.98,0.0035
37.99,0.0042
38,0.0045
38.01,0.0049
38.02,0.0047
38.03,0.0045
38.04,0.004
38.05,0.0035
38.06,0.0032
38.07,0.003
38.08,0.0028
38.09,0.0027
38.1,0.0023
38.11,0.0019
38.12,0.0013
38.13,0.0007
38.14,0.0005
38.15,0.0003
38.16,0.0001
38.17,-0.0002
38.18,-0.0002
38.19,-0.0002
38.2,-0.0001
38.21,0
38.22,0
38.23,-0.0001
38.24,-0.0004
38.25,-0.0007
38.26,-0.0011
38.27,-0.0015
38.28,-0.0019
38.29,-0.0023
38.3,-0.0025
38.31,-0.0028
38.32,-0.0027
38.33,-0.0025
38.34,-0.002
38.35,-0.0014
38.36,-0.0009
38.37,-0.0003
38.38,-0.0001
38.39,0.0001
38.4,0.0003
38.41,0.0006
38.42,0.0007
38.43,0.0007
38.44,0.0007
38.45,0.0007
38.46,0.0007
38.47,0.0008
38.48,0.0008
38.49,0.0008
38.5,0.0008
38.51,0.0007
38.52,0.0006
38.53,0.0005
38.54,0.0005
38.55,0.0005
38.56,0.0005
38.57,0.0004
38.58,0.0002
38.59,0
38.6,-0.0003
38.61,-0.0007
38.62,-0.0007
38.63,-0.0008
38.64,-0.0009
38.65,-0.001
38.66,-0.0009
38.67,-0.0009
38.68,-0.0008
38.69,-0.0008
38.7,-0.0008
38.71,-0.0008
38.72,-0.0007
38.73,-0.0007
38.74,-0.0007
38.75,-0.0007
38.76,-0.0007
38.77,-0.0008
38.78,-0.001
38.79,-0.0012
38.8,-0.0013
38.81,-0.0013
38.82,-0.0013
38.83,-0.0014
38.84,-0.0013
38.85,-0.0012
38.86,-0.0011
38.87,-0.001
38.88,-0.0008
38.89,-0.0006
38.9,-0.0006
38.91,-0.0005
38.92,-0.0006
38.93,-0.0006
38.94,-0.0005
38.95,-0.0004
38.96,-0.0004
38.97,-0.0003
38.98,-0.0002
38.99,0
39,0.0001
39.01,0.0002
39.02,0.0002
39.03,0.0002
39.04,0.0002
39.05,0.0002
39.06,0.0002
39.07,0.0002
39.08,0.0001
39.09,0.0001
39.1,0.0002
39.11,0.0002
39.12,0.0003
39.13,0.0004
39.14,0.0005
39.15,0.0007
39.16,0.0008
39.17,0.0009
39.18,0.001
39.19,0.001
39.2,0.0011
39.21,0.0012
39.22,0.0012
39.23,0.0012
39.24,0.0011
39.25,0.0011
39.26,0.001
39.27,0.001
39.28,0.0009
39.29,0.0008
39.3,0.0007
39.31,0.0006
39.32,0.0005
39.33,0.0004
39.34,0.0004
39.35,0.0004
39.36,0.0003
39.37,0.0003
39.38,0.0003
39.39,0.0002
39.4,0.0002
39.41,0.0002
39.42,0.0002
39.43,0.0003
39.44,0.0003
39.45,0.0003
39.46,0.0003
39.47,0.0003
39.48,0.0002
39.49,0.0002
39.5,0.0002
39.51,0.0002
39.52,0.0001
39.53,0.0001
39.54,0.0001
39.55,0.0001
39.56,0
39.57,0
39.58,0
39.59,0
39.6,0
39.61,0
39.62,0
39.63,-0.0001
39.64,-0.0001
39.65,-0.0001
39.66,-0.0001
39.67,-0.0001
39.68,-0.0001
39.69,-0.0001
39.7,-0.0001
39.71,-0.0001
39.72,-0.0001
39.73,-0.0001
39.74,-0.0001
39.75,-0.0001
39.76,-0.0001
39.77,-0.0001
39.78,-0.0001
39.79,-0.0001
39.8,-0.0001
39.81,-0.0001
39.82,-0.0001
39.83,-0.0001
39.84,-0.0001
39.85,-0.0001
39.86,-0.0001
39.87,-0.0001
39.88,-0.0001
39.89,0
